id,src,value,name,lang,module,type,state
translate_merge_docx_00001,SALE,VENTA,report.merge.docx,es_PE,merge_docx,Code,Translated
translate_merge_docx_00002,To Sale:,Venta a:,report.merge.docx,es_PE,merge_docx,Code,Translated
translate_merge_docx_00003,Qty,Cant.,report.merge.docx,es_PE,merge_docx,Code,Translated
translate_merge_docx_00004,U. price,Precio U.,report.merge.docx,es_PE,merge_docx,Code,Translated
translate_merge_docx_00005,Disc. (%),Desc. (%),report.merge.docx,es_PE,merge_docx,Code,Translated
translate_merge_docx_00006,Taxes,Impuestos,report.merge.docx,es_PE,merge_docx,Code,Translated
translate_merge_docx_00007,Price,Precio,report.merge.docx,es_PE,merge_docx,Code,Translated
translate_merge_docx_00008,Terms & Conditions/Notes:,Términos y condiciones/Notas,report.merge.docx,es_PE,merge_docx,Code,Translated
translate_merge_docx_00009,Phone:,Tel:,report.merge.docx,es_PE,merge_docx,Code,Translated
translate_merge_docx_00010,Email:,Correo:,report.merge.docx,es_PE,merge_docx,Code,Translated
translate_merge_docx_00011,Web:,Web:,report.merge.docx,es_PE,merge_docx,Code,Translated
