<?xml version="1.0" encoding="utf-8"?>
<odoo>
    <data>
        <record model="ir.actions.report" id="action_report_merge_docx_so_tmpl_basic">
            <field name="name">Sale Basic</field>
            <field name="model">sale.order</field>
            <field name="report_type">docx</field>
            <field name="report_name">Basic</field>
            <field name="binding_model_id" ref="sale.model_sale_order"/>
            <field name="binding_type">report</field>
            <field name="template_id" ref="merge_docx_sale_order.merge_docx_so_tmpl_basic"/>
            <field name="url_theme_screenshot">merge_docx_sale_order/static/src/img/basic.png</field>
        </record>

        <record model="ir.actions.report" id="action_report_merge_docx_so_tmpl_cover">
            <field name="name">Sale Cover (pdf)</field>
            <field name="model">sale.order</field>
            <field name="report_type">docx</field>
            <field name="report_name">Cover</field>
            <field name="binding_model_id" ref="sale.model_sale_order"/>
            <field name="binding_type">report</field>
            <field name="template_id" ref="merge_docx_sale_order.merge_docx_so_tmpl_cover"/>
            <field name="output_file">pdf</field>
        </record>

        <record model="ir.actions.report" id="action_report_merge_docx_so_tmpl_translate">
            <field name="name">Sale Order Partner Translate (pdf)</field>
            <field name="model">sale.order</field>
            <field name="report_type">docx</field>
            <field name="report_name">Translate</field>
            <field name="binding_model_id" ref="sale.model_sale_order"/>
            <field name="binding_type">report</field>
            <field name="template_id" ref="merge_docx_sale_order.merge_docx_so_tmpl_translate"/>
            <field name="output_file">pdf</field>
        </record>
    </data>
</odoo>